{"cameraMode":{"drawMode":0,"name":"Shaded","section":"Shading Mode"},"sceneLighting":true,"audioPlay":false,"sceneViewState":{"showFog":true,"showMaterialUpdate":true,"showSkybox":true,"showFlares":true,"showImageEffects":true,"showParticleSystems":true},"in2DMode":false,"pivot":{"x":459.8940124511719,"y":203.9475860595703,"z":24.18068504333496},"rotation":{"x":0.08488961309194565,"y":-0.13706083595752717,"z":0.011790096759796143,"w":0.9868483543395996},"size":1470.237548828125,"orthographic":false}